{
    "RandomForest": {
        "Accuracy": 0.8115,
        "Recall": 0.860062893081761,
        "F1-Score": 0.7437117607070021,
        "Best Threshold": 0.5300000000000002
    },
    "XGBoost": {
        "Accuracy": 0.8005,
        "Recall": 0.7971698113207547,
        "F1-Score": 0.7176220806794055
    },
    "LightGBM": {
        "Accuracy": 0.805,
        "Recall": 0.789308176100629,
        "F1-Score": 0.7202295552367288
    },
    "CatBoost": {
        "Accuracy": 0.807,
        "Recall": 0.7657232704402516,
        "F1-Score": 0.7161764705882353
    },
    "Deep Learning (DNN)": {
        "Accuracy": 0.798,
        "Recall": 0.8962264150943396,
        "F1-Score": 0.7383419689119171,
        "Best Threshold": 0.5900000000000003
    }
}