{
    "RandomForest": {
        "Accuracy": 0.8115,
        "F1-Score": 0.7437117607070021,
        "Best Threshold": 0.5300000000000002
    },
    "XGBoost": {
        "Accuracy": 0.8005,
        "F1-Score": 0.7176220806794055
    },
    "LightGBM": {
        "Accuracy": 0.805,
        "F1-Score": 0.7202295552367288
    },
    "CatBoost": {
        "Accuracy": 0.807,
        "F1-Score": 0.7161764705882353
    },
    "Deep Learning (DNN)": {
        "Accuracy": 0.8165,
        "F1-Score": 0.7424561403508771,
        "Best Threshold": 0.5200000000000002
    }
}